,Year,Return_12M,MDD_12M,Profit
0,2019,0.11402648785923275,-0.0242448215788845,1359428.4708697037
1,2020,0.7655977528885676,-0.06440419960273229,9145992.432080567
2,2021,0.55744342967127,-0.05210569812519078,6570681.746548559
3,2022,0.037744489673558146,-0.02394969844140511,447566.52160382015
4,2023,0.7646741900655631,-0.031447476059540284,9003917.013890862
5,2024,0.48506086571844675,-0.06859429824402241,5796628.596080793
6,2025,1.2367195580455457,-0.03860642085490603,14707861.586001541
