,Year,Return_12M,MDD_12M,Profit
0,2019,0.2998181934594639,-0.054338761551204165,3572642.796473819
1,2020,0.6505169810873148,-0.09290589763482274,7772267.574583782
2,2021,0.4836897225775514,-0.06293979895777171,5703596.288643004
3,2022,0.042402266989010506,-0.018574030111773544,502784.2320276243
4,2023,0.41938676776335604,-0.06700540410527277,4947113.775794409
5,2024,0.6013354322781181,-0.05389492708009619,7185086.282854247
6,2025,0.7394051180740449,-0.0679695279083427,8801807.907169156
